timestamp_pred,horizon_blocks,horizon_label,mempool_tx_count,mempool_vsize_mb,current_fastest_fee,current_halfhour_fee,current_hour_fee,predicted_fee_sat_vb,predicted_fee_exact,confidence_score,models_used,actual_fee,would_confirm,overpay_sat_vb,status,xgb_pred,lgb_pred,ensemble_fee_sat_vb,ensemble_fee_exact,xgb_fee_sat_vb,xgb_fee_exact,lgb_fee_sat_vb,lgb_fee_exact
2026-04-14 16:08:51.569795+00:00,1,1_block,42259,29.3,3,1,1,8.0,7.54,0.849,"xgb,lgb",0.1521739130434782,True,7.8478260869565215,VALIDATED,,,8,7.54,,,,
2026-04-14 16:08:51.569795+00:00,3,3_blocks,42259,29.3,3,1,1,7.0,6.87,0.997,"xgb,lgb",0.1521739130434782,True,6.8478260869565215,VALIDATED,,,7,6.87,,,,
2026-04-14 16:08:51.569795+00:00,6,6_blocks,42259,29.3,3,1,1,7.0,6.54,0.957,"xgb,lgb",0.1521739130434782,True,6.8478260869565215,VALIDATED,,,7,6.54,,,,
2026-04-14 17:54:40.807626+00:00,1,1_block,40794,32.2,1,1,1,1.0,1.0,1.0,"xgb,lgb",0.1369565217391304,True,0.8630434782608696,VALIDATED,,,1,1.0,,,,
2026-04-14 17:54:40.807626+00:00,3,3_blocks,40794,32.2,1,1,1,2.0,1.0,0.998,"xgb,lgb",0.1357142857142857,True,1.8642857142857143,VALIDATED,,,2,1.0,,,,
2026-04-14 17:54:40.807626+00:00,6,6_blocks,40794,32.2,1,1,1,2.0,1.07,0.835,"xgb,lgb",0.1357142857142857,True,1.8642857142857143,VALIDATED,,,2,1.07,,,,
2026-04-14 18:16:48.631510+00:00,1,1_block,35752,31.3,1,1,1,1.0,1.0,0.75,xgb,1.7973856209150327,False,0.0,VALIDATED,,,1,1.0,,,,
2026-04-14 18:16:48.631510+00:00,3,3_blocks,35752,31.3,1,1,1,1.0,1.0,0.75,xgb,0.1357142857142857,True,0.8642857142857143,VALIDATED,,,1,1.0,,,,
2026-04-14 18:16:48.631510+00:00,6,6_blocks,35752,31.3,1,1,1,1.0,1.0,0.75,xgb,0.1357142857142857,True,0.8642857142857143,VALIDATED,,,1,1.0,,,,
2026-04-14 18:26:46.177383+00:00,1,1_block,39329,32.3,2,1,1,1.0,1.0,0.75,xgb,1.7973856209150327,False,0.0,VALIDATED,,,1,1.0,,,,
2026-04-14 18:26:46.177383+00:00,3,3_blocks,39329,32.3,2,1,1,1.0,1.0,0.75,xgb,0.1357142857142857,True,0.8642857142857143,VALIDATED,,,1,1.0,,,,
2026-04-14 18:26:46.177383+00:00,6,6_blocks,39329,32.3,2,1,1,1.0,1.0,0.75,xgb,0.1357142857142857,True,0.8642857142857143,VALIDATED,,,1,1.0,,,,
2026-04-14 18:43:53.541702+00:00,1,1_block,36425,31.4,1,1,1,1.0,1.0,0.75,xgb,1.7973856209150327,False,0.0,VALIDATED,,,1,1.0,,,,
2026-04-14 18:43:53.541702+00:00,3,3_blocks,36425,31.4,1,1,1,1.0,1.0,0.75,xgb,0.1357142857142857,True,0.8642857142857143,VALIDATED,,,1,1.0,,,,
2026-04-14 18:43:53.541702+00:00,6,6_blocks,36425,31.4,1,1,1,1.0,1.0,0.75,xgb,0.1357142857142857,True,0.8642857142857143,VALIDATED,,,1,1.0,,,,
2026-04-14 19:54:04.557716+00:00,1,1_block,41254,32.9,2,1,1,1.0,1.0,0.75,xgb,2.0,False,0.0,VALIDATED,,,1,1.0,,,,
2026-04-14 19:54:04.557716+00:00,3,3_blocks,41254,32.9,2,1,1,1.0,1.0,0.75,xgb,0.1357142857142857,True,0.8642857142857143,VALIDATED,,,1,1.0,,,,
2026-04-14 19:54:04.557716+00:00,6,6_blocks,41254,32.9,2,1,1,1.0,1.0,0.75,xgb,0.1357142857142857,True,0.8642857142857143,VALIDATED,,,1,1.0,,,,
2026-04-14 20:46:28.357113+00:00,1,1_block,40561,36.2,2,1,1,1.0,1.0,0.75,xgb,1.0,True,0.0,VALIDATED,,,1,1.0,,,,
2026-04-14 20:46:28.357113+00:00,3,3_blocks,40561,36.2,2,1,1,1.0,1.0,0.75,xgb,0.1357142857142857,True,0.8642857142857143,VALIDATED,,,1,1.0,,,,
2026-04-14 20:46:28.357113+00:00,6,6_blocks,40561,36.2,2,1,1,1.0,1.0,0.75,xgb,0.1369565217391304,True,0.8630434782608696,VALIDATED,,,1,1.0,,,,
2026-04-14 21:38:03.663729+00:00,1,1_block,39210,35.9,1,1,1,1.0,1.0,0.75,xgb,0.1505376344086021,True,0.8494623655913979,VALIDATED,,,1,1.0,,,,
2026-04-14 21:38:03.663729+00:00,3,3_blocks,39210,35.9,1,1,1,1.0,1.0,0.75,xgb,0.1369565217391304,True,0.8630434782608696,VALIDATED,,,1,1.0,,,,
2026-04-14 21:38:03.663729+00:00,6,6_blocks,39210,35.9,1,1,1,1.0,1.0,0.75,xgb,0.1357142857142857,True,0.8642857142857143,VALIDATED,,,1,1.0,,,,
2026-04-14 22:27:54.820536+00:00,1,1_block,38445,34.6,1,1,1,1.0,1.0,0.75,xgb,0.1357142857142857,True,0.8642857142857143,VALIDATED,,,1,1.0,,,,
2026-04-14 22:27:54.820536+00:00,3,3_blocks,38445,34.6,1,1,1,1.0,1.0,0.75,xgb,0.1357142857142857,True,0.8642857142857143,VALIDATED,,,1,1.0,,,,
2026-04-14 22:27:54.820536+00:00,6,6_blocks,38445,34.6,1,1,1,1.0,1.0,0.75,xgb,0.1357142857142857,True,0.8642857142857143,VALIDATED,,,1,1.0,,,,
2026-04-14 23:12:32.836951+00:00,1,1_block,39608,33.2,1,1,1,1.0,1.0,0.75,xgb,0.1357142857142857,True,0.8642857142857143,VALIDATED,,,1,1.0,,,,
2026-04-14 23:12:32.836951+00:00,3,3_blocks,39608,33.2,1,1,1,1.0,1.0,0.75,xgb,0.1357142857142857,True,0.8642857142857143,VALIDATED,,,1,1.0,,,,
2026-04-14 23:12:32.836951+00:00,6,6_blocks,39608,33.2,1,1,1,1.0,1.0,0.75,xgb,0.1357142857142857,True,0.8642857142857143,VALIDATED,,,1,1.0,,,,
2026-04-15 00:02:15.786235+00:00,1,1_block,38941,30.2,1,1,1,1.0,1.0,0.75,xgb,0.15,True,0.85,VALIDATED,,,1,1.0,,,,
2026-04-15 00:02:15.786235+00:00,3,3_blocks,38941,30.2,1,1,1,1.0,1.0,0.75,xgb,0.1357142857142857,True,0.8642857142857143,VALIDATED,,,1,1.0,,,,
2026-04-15 00:02:15.786235+00:00,6,6_blocks,38941,30.2,1,1,1,2.0,1.0,0.75,xgb,0.1357142857142857,True,1.8642857142857143,VALIDATED,,,2,1.0,,,,
2026-04-15 03:36:45.761382+00:00,1,1_block,42511,29.1,1,1,1,1.0,1.0,0.75,xgb,0.1349206349206349,True,0.8650793650793651,VALIDATED,,,1,1.0,,,,
2026-04-15 03:36:45.761382+00:00,3,3_blocks,42511,29.1,1,1,1,1.0,1.0,0.75,xgb,0.1349206349206349,True,0.8650793650793651,VALIDATED,,,1,1.0,,,,
2026-04-15 03:36:45.761382+00:00,6,6_blocks,42511,29.1,1,1,1,1.0,1.0,0.75,xgb,0.1357142857142857,True,0.8642857142857143,VALIDATED,,,1,1.0,,,,
2026-04-15 05:39:27.858936+00:00,1,1_block,39781,32.6,1,1,1,1.0,1.0,0.75,xgb,0.15,True,0.85,VALIDATED,,,1,1.0,,,,
2026-04-15 05:39:27.858936+00:00,3,3_blocks,39781,32.6,1,1,1,1.0,1.0,0.75,xgb,0.1428571428571428,True,0.8571428571428572,VALIDATED,,,1,1.0,,,,
2026-04-15 05:39:27.858936+00:00,6,6_blocks,39781,32.6,1,1,1,1.0,1.0,0.75,xgb,0.1357142857142857,True,0.8642857142857143,VALIDATED,,,1,1.0,,,,
2026-04-15 07:12:11.519165+00:00,1,1_block,40852,33.9,1,1,1,1.0,1.0,0.75,xgb,1.0,True,0.0,VALIDATED,,,1,1.0,,,,
2026-04-15 07:12:11.519165+00:00,3,3_blocks,40852,33.9,1,1,1,1.0,1.0,0.75,xgb,0.1428571428571428,True,0.8571428571428572,VALIDATED,,,1,1.0,,,,
2026-04-15 07:12:11.519165+00:00,6,6_blocks,40852,33.9,1,1,1,1.0,1.0,0.75,xgb,0.1428571428571428,True,0.8571428571428572,VALIDATED,,,1,1.0,,,,
2026-04-15 08:57:07.446089+00:00,1,1_block,43261,34.2,1,1,1,1.0,1.0,0.75,xgb,0.15,True,0.85,VALIDATED,,,1,1.0,,,,
2026-04-15 08:57:07.446089+00:00,3,3_blocks,43261,34.2,1,1,1,1.0,1.0,0.75,xgb,0.1428571428571428,True,0.8571428571428572,VALIDATED,,,1,1.0,,,,
2026-04-15 08:57:07.446089+00:00,6,6_blocks,43261,34.2,1,1,1,1.0,1.0,0.75,xgb,0.1428571428571428,True,0.8571428571428572,VALIDATED,,,1,1.0,,,,
2026-04-15 10:19:40.018227+00:00,1,1_block,42888,34.3,3,1,1,1.0,1.0,0.75,xgb,0.1428571428571428,True,0.8571428571428572,VALIDATED,,,1,1.0,,,,
2026-04-15 10:19:40.018227+00:00,3,3_blocks,42888,34.3,3,1,1,1.0,1.0,0.75,xgb,0.1428571428571428,True,0.8571428571428572,VALIDATED,,,1,1.0,,,,
2026-04-15 10:19:40.018227+00:00,6,6_blocks,42888,34.3,3,1,1,1.0,1.0,0.75,xgb,0.1428571428571428,True,0.8571428571428572,VALIDATED,,,1,1.0,,,,
2026-04-15 11:18:48.550222+00:00,1,1_block,44392,34.6,2,1,1,1.0,1.0,0.75,xgb,0.1428571428571428,True,0.8571428571428572,VALIDATED,,,1,1.0,,,,
2026-04-15 11:18:48.550222+00:00,3,3_blocks,44392,34.6,2,1,1,1.0,1.0,0.75,xgb,0.1428571428571428,True,0.8571428571428572,VALIDATED,,,1,1.0,,,,
2026-04-15 11:18:48.550222+00:00,6,6_blocks,44392,34.6,2,1,1,1.0,1.0,0.75,xgb,0.1428571428571428,True,0.8571428571428572,VALIDATED,,,1,1.0,,,,
2026-04-15 12:09:03.737670+00:00,1,1_block,38712,33.6,2,1,1,1.0,1.0,0.75,xgb,0.1428571428571428,True,0.8571428571428572,VALIDATED,,,1,1.0,,,,
2026-04-15 12:09:03.737670+00:00,3,3_blocks,38712,33.6,2,1,1,1.0,1.0,0.75,xgb,0.1428571428571428,True,0.8571428571428572,VALIDATED,,,1,1.0,,,,
2026-04-15 12:09:03.737670+00:00,6,6_blocks,38712,33.6,2,1,1,1.0,1.0,0.75,xgb,1.0,True,0.0,VALIDATED,,,1,1.0,,,,
2026-04-15 14:03:42.268772+00:00,1,1_block,45592,35.5,3,3,1,1.0,1.0,0.75,xgb,2.0793650793650795,False,0.0,VALIDATED,,,1,1.0,,,,
2026-04-15 14:03:42.268772+00:00,3,3_blocks,45592,35.5,3,3,1,1.0,1.0,0.75,xgb,1.0077821011673151,False,0.0,VALIDATED,,,1,1.0,,,,
2026-04-15 14:03:42.268772+00:00,6,6_blocks,45592,35.5,3,3,1,2.0,1.02,0.75,xgb,1.0077821011673151,True,0.9922178988326849,VALIDATED,,,2,1.02,,,,
2026-04-15 15:27:28.762129+00:00,1,1_block,50739,37.1,4,4,3,1.0,1.0,0.75,xgb,1.0077821011673151,False,0.0,VALIDATED,1.0,,1,1.0,1.0,1.0,,
2026-04-15 15:27:28.762129+00:00,3,3_blocks,50739,37.1,4,4,3,1.0,1.0,0.75,xgb,0.15,True,0.85,VALIDATED,1.0,,1,1.0,1.0,1.0,,
2026-04-15 15:27:28.762129+00:00,6,6_blocks,50739,37.1,4,4,3,1.0,1.0,0.75,xgb,0.15,True,0.85,VALIDATED,1.0,,1,1.0,1.0,1.0,,
2026-04-15 15:47:50.885510+00:00,1,1_block,49019,36.6,4,3,3,1.0,1.0,0.75,xgb,0.15,True,0.85,VALIDATED,1.0,,1,1.0,1.0,1.0,,
2026-04-15 15:47:50.885510+00:00,3,3_blocks,49019,36.6,4,3,3,1.0,1.0,0.75,xgb,0.15,True,0.85,VALIDATED,1.0,,1,1.0,1.0,1.0,,
2026-04-15 15:47:50.885510+00:00,6,6_blocks,49019,36.6,4,3,3,2.0,1.01,0.75,xgb,0.15,True,1.85,VALIDATED,1.01,,2,1.01,2.0,1.01,,
2026-04-15 16:17:42.636265+00:00,1,1_block,49939,36.2,4,3,1,,,0.75,xgb,0.15,False,0.0,VALIDATED,,,1,1.0,1.0,1.0,,
2026-04-15 16:17:42.636265+00:00,3,3_blocks,49939,36.2,4,3,1,,,0.75,xgb,0.15,False,0.0,VALIDATED,,,1,1.0,1.0,1.0,,
2026-04-15 16:17:42.636265+00:00,6,6_blocks,49939,36.2,4,3,1,,,0.75,xgb,0.1428571428571428,False,0.0,VALIDATED,,,1,1.0,1.0,1.0,,
2026-04-15 17:34:43.779665+00:00,1,1_block,41628,33.9,1,1,1,,,0.75,xgb,2.176470588235294,False,0.0,VALIDATED,,,1,1.0,1.0,1.0,,
2026-04-15 17:34:43.779665+00:00,3,3_blocks,41628,33.9,1,1,1,,,0.75,xgb,0.1428571428571428,False,0.0,VALIDATED,,,1,1.0,1.0,1.0,,
2026-04-15 17:34:43.779665+00:00,6,6_blocks,41628,33.9,1,1,1,,,0.75,xgb,1.11,False,0.0,VALIDATED,,,1,1.0,1.0,1.0,,
2026-04-15 18:45:57.672109+00:00,1,1_block,49448,37.4,4,4,3,,,0.75,xgb,1.11,False,0.0,VALIDATED,,,1,1.0,1.0,1.0,,
2026-04-15 18:45:57.672109+00:00,3,3_blocks,49448,37.4,4,4,3,,,0.75,xgb,1.11,False,0.0,VALIDATED,,,1,1.0,1.0,1.0,,
2026-04-15 18:45:57.672109+00:00,6,6_blocks,49448,37.4,4,4,3,,,0.75,xgb,1.11,False,0.0,VALIDATED,,,1,1.0,1.0,1.0,,
2026-04-15 19:54:43.101674+00:00,1,1_block,45981,36.4,3,3,1,,,0.75,xgb,1.0,False,0.0,VALIDATED,,,1,1.0,1.0,1.0,,
2026-04-15 19:54:43.101674+00:00,3,3_blocks,45981,36.4,3,3,1,,,0.75,xgb,0.1475409836065573,False,0.0,VALIDATED,,,1,1.0,1.0,1.0,,
2026-04-15 19:54:43.101674+00:00,6,6_blocks,45981,36.4,3,3,1,,,0.75,xgb,0.1475409836065573,False,0.0,VALIDATED,,,1,1.0,1.0,1.0,,
2026-04-15 20:42:34.811773+00:00,1,1_block,42511,34.4,2,1,1,,,0.75,xgb,0.15,False,0.0,VALIDATED,,,1,1.0,1.0,1.0,,
2026-04-15 20:42:34.811773+00:00,3,3_blocks,42511,34.4,2,1,1,,,0.75,xgb,0.15,False,0.0,VALIDATED,,,1,1.0,1.0,1.0,,
2026-04-15 20:42:34.811773+00:00,6,6_blocks,42511,34.4,2,1,1,,,0.75,xgb,0.1363636363636363,False,0.0,VALIDATED,,,1,1.0,1.0,1.0,,
2026-04-15 21:38:20.081757+00:00,1,1_block,46976,35.7,4,3,1,,,0.75,xgb,0.1363636363636363,False,0.0,VALIDATED,,,1,1.0,1.0,1.0,,
2026-04-15 21:38:20.081757+00:00,3,3_blocks,46976,35.7,4,3,1,,,0.75,xgb,0.1363636363636363,False,0.0,VALIDATED,,,1,1.0,1.0,1.0,,
2026-04-15 21:38:20.081757+00:00,6,6_blocks,46976,35.7,4,3,1,,,0.75,xgb,0.1358112937812723,False,0.0,VALIDATED,,,1,1.0,1.0,1.0,,
2026-04-15 22:25:54.424966+00:00,1,1_block,43503,34.8,3,1,1,,,0.75,xgb,0.1358112937812723,False,0.0,VALIDATED,,,1,1.0,1.0,1.0,,
2026-04-15 22:25:54.424966+00:00,3,3_blocks,43503,34.8,3,1,1,,,0.75,xgb,0.1358112937812723,False,0.0,VALIDATED,,,1,1.0,1.0,1.0,,
2026-04-15 22:25:54.424966+00:00,6,6_blocks,43503,34.8,3,1,1,,,0.75,xgb,0.1357142857142857,False,0.0,VALIDATED,,,1,1.0,1.0,1.0,,
2026-04-15 23:08:44.674250+00:00,1,1_block,39560,33.9,3,1,1,,,0.75,xgb,0.1358112937812723,False,0.0,VALIDATED,,,1,1.0,1.0,1.0,,
2026-04-15 23:08:44.674250+00:00,3,3_blocks,39560,33.9,3,1,1,,,0.75,xgb,0.1357142857142857,False,0.0,VALIDATED,,,1,1.0,1.0,1.0,,
2026-04-15 23:08:44.674250+00:00,6,6_blocks,39560,33.9,3,1,1,,,0.75,xgb,0.1357142857142857,False,0.0,VALIDATED,,,1,1.0,1.0,1.0,,
2026-04-15 23:57:47.650909+00:00,1,1_block,43443,35.7,4,4,3,,,0.75,xgb,0.1533333333333333,False,0.0,VALIDATED,,,1,1.0,1.0,1.0,,
2026-04-15 23:57:47.650909+00:00,3,3_blocks,43443,35.7,4,4,3,,,0.75,xgb,0.1357142857142857,False,0.0,VALIDATED,,,1,1.0,1.0,1.0,,
2026-04-15 23:57:47.650909+00:00,6,6_blocks,43443,35.7,4,4,3,,,0.75,xgb,0.1357142857142857,False,0.0,VALIDATED,,,1,1.0,1.0,1.0,,
2026-04-16 02:34:56.463419+00:00,1,1_block,39185,32.3,2,1,1,,,0.75,xgb,0.1714285714285714,False,0.0,VALIDATED,,,1,1.0,1.0,1.0,,
2026-04-16 02:34:56.463419+00:00,3,3_blocks,39185,32.3,2,1,1,,,0.75,xgb,0.1357951161405598,False,0.0,VALIDATED,,,1,1.0,1.0,1.0,,
2026-04-16 02:34:56.463419+00:00,6,6_blocks,39185,32.3,2,1,1,,,0.75,xgb,0.1357142857142857,False,0.0,VALIDATED,,,1,1.0,1.0,1.0,,
2026-04-16 05:18:35.482003+00:00,1,1_block,44121,32.0,3,1,1,,,0.75,xgb,0.1357142857142857,False,0.0,VALIDATED,,,1,1.0,1.0,1.0,,
2026-04-16 05:18:35.482003+00:00,3,3_blocks,44121,32.0,3,1,1,,,0.75,xgb,0.1357142857142857,False,0.0,VALIDATED,,,1,1.0,1.0,1.0,,
2026-04-16 05:18:35.482003+00:00,6,6_blocks,44121,32.0,3,1,1,,,0.75,xgb,0.1357142857142857,False,0.0,VALIDATED,,,1,1.0,1.0,1.0,,
2026-04-16 07:05:25.803343+00:00,1,1_block,43640,29.6,2,1,1,,,0.75,xgb,1.0,False,0.0,VALIDATED,,,1,1.0,1.0,1.0,,
2026-04-16 07:05:25.803343+00:00,3,3_blocks,43640,29.6,2,1,1,,,0.75,xgb,0.1357142857142857,False,0.0,VALIDATED,,,1,1.0,1.0,1.0,,
2026-04-16 07:05:25.803343+00:00,6,6_blocks,43640,29.6,2,1,1,,,0.75,xgb,0.1357142857142857,False,0.0,VALIDATED,,,1,1.0,1.0,1.0,,
2026-04-16 08:53:54.860528+00:00,1,1_block,45599,29.9,2,1,1,,,0.75,xgb,0.1349206349206349,False,0.0,VALIDATED,,,1,1.0,1.0,1.0,,
2026-04-16 08:53:54.860528+00:00,3,3_blocks,45599,29.9,2,1,1,,,0.75,xgb,0.1349206349206349,False,0.0,VALIDATED,,,1,1.0,1.0,1.0,,
2026-04-16 08:53:54.860528+00:00,6,6_blocks,45599,29.9,2,1,1,,,0.75,xgb,0.1349206349206349,False,0.0,VALIDATED,,,1,1.0,1.0,1.0,,
2026-04-16 10:12:24.081968+00:00,1,1_block,40212,29.1,2,1,1,,,0.75,xgb,0.1428571428571428,False,0.0,VALIDATED,,,1,1.0,1.0,1.0,,
2026-04-16 10:12:24.081968+00:00,3,3_blocks,40212,29.1,2,1,1,,,0.75,xgb,0.1428571428571428,False,0.0,VALIDATED,,,1,1.0,1.0,1.0,,
2026-04-16 10:12:24.081968+00:00,6,6_blocks,40212,29.1,2,1,1,,,0.75,xgb,0.1357142857142857,False,0.0,VALIDATED,,,1,1.0,1.0,1.0,,
2026-04-16 11:32:45.088558+00:00,1,1_block,41688,29.3,2,1,1,,,0.75,xgb,1.5217391304347827,False,0.0,VALIDATED,,,1,1.0,1.0,1.0,,
2026-04-16 11:32:45.088558+00:00,3,3_blocks,41688,29.3,2,1,1,,,0.75,xgb,0.1357142857142857,False,0.0,VALIDATED,,,1,1.0,1.0,1.0,,
2026-04-16 11:32:45.088558+00:00,6,6_blocks,41688,29.3,2,1,1,,,0.75,xgb,0.1357142857142857,False,0.0,VALIDATED,,,1,1.0,1.0,1.0,,
2026-04-16 12:46:55.684306+00:00,1,1_block,42457,29.9,2,1,1,,,0.75,xgb,1.0,False,0.0,VALIDATED,,,1,1.0,1.0,1.0,,
2026-04-16 12:46:55.684306+00:00,3,3_blocks,42457,29.9,2,1,1,,,0.75,xgb,1.0,False,0.0,VALIDATED,,,1,1.0,1.0,1.0,,
2026-04-16 12:46:55.684306+00:00,6,6_blocks,42457,29.9,2,1,1,,,0.75,xgb,0.1357142857142857,False,0.0,VALIDATED,,,1,1.0,1.0,1.0,,
2026-04-16 14:27:30.742752+00:00,1,1_block,33680,28.0,1,1,1,,,0.75,xgb,1.0,False,0.0,VALIDATED,,,1,1.0,1.0,1.0,,
2026-04-16 14:27:30.742752+00:00,3,3_blocks,33680,28.0,1,1,1,,,0.75,xgb,1.0,False,0.0,VALIDATED,,,1,1.0,1.0,1.0,,
2026-04-16 14:27:30.742752+00:00,6,6_blocks,33680,28.0,1,1,1,,,0.75,xgb,0.1357142857142857,False,0.0,VALIDATED,,,1,1.0,1.0,1.0,,
2026-04-16 16:04:22.235627+00:00,1,1_block,45064,30.0,1,1,1,,,0.75,xgb,0.1430367808865136,False,0.0,VALIDATED,,,1,1.0,1.0,1.0,,
2026-04-16 16:04:22.235627+00:00,3,3_blocks,45064,30.0,1,1,1,,,0.75,xgb,0.1430367808865136,False,0.0,VALIDATED,,,1,1.0,1.0,1.0,,
2026-04-16 16:04:22.235627+00:00,6,6_blocks,45064,30.0,1,1,1,,,0.75,xgb,0.1428571428571428,False,0.0,VALIDATED,,,1,1.0,1.0,1.0,,
2026-04-16 17:40:34.344614+00:00,1,1_block,40652,29.2,2,1,1,,,0.75,xgb,1.0,False,0.0,VALIDATED,,,1,1.0,1.0,1.0,,
2026-04-16 17:40:34.344614+00:00,3,3_blocks,40652,29.2,2,1,1,,,0.75,xgb,0.15,False,0.0,VALIDATED,,,1,1.0,1.0,1.0,,
2026-04-16 17:40:34.344614+00:00,6,6_blocks,40652,29.2,2,1,1,,,0.75,xgb,0.1428571428571428,False,0.0,VALIDATED,,,1,1.0,1.0,1.0,,
2026-04-16 18:48:13.464716+00:00,1,1_block,43828,29.8,2,1,1,,,0.75,xgb,0.15,False,0.0,VALIDATED,,,1,1.0,1.0,1.0,,
2026-04-16 18:48:13.464716+00:00,3,3_blocks,43828,29.8,2,1,1,,,0.75,xgb,0.15,False,0.0,VALIDATED,,,1,1.0,1.0,1.0,,
2026-04-16 18:48:13.464716+00:00,6,6_blocks,43828,29.8,2,1,1,,,0.75,xgb,0.15,False,0.0,VALIDATED,,,1,1.0,1.0,1.0,,
2026-04-16 19:51:32.042170+00:00,1,1_block,42077,29.4,1,1,1,,,0.75,xgb,1.0,False,0.0,VALIDATED,,,1,1.0,1.0,1.0,,
2026-04-16 19:51:32.042170+00:00,3,3_blocks,42077,29.4,1,1,1,,,0.75,xgb,0.15,False,0.0,VALIDATED,,,1,1.0,1.0,1.0,,
2026-04-16 19:51:32.042170+00:00,6,6_blocks,42077,29.4,1,1,1,,,0.75,xgb,0.15,False,0.0,VALIDATED,,,1,1.0,1.0,1.0,,
2026-04-16 21:30:58.228247+00:00,1,1_block,43725,29.8,2,1,1,,,0.75,xgb,0.1357142857142857,False,0.0,VALIDATED,,,1,1.0,1.0,1.0,,
2026-04-16 21:30:58.228247+00:00,3,3_blocks,43725,29.8,2,1,1,,,0.75,xgb,0.1357142857142857,False,0.0,VALIDATED,,,1,1.0,1.0,1.0,,
2026-04-16 21:30:58.228247+00:00,6,6_blocks,43725,29.8,2,1,1,,,0.75,xgb,0.1357142857142857,False,0.0,VALIDATED,,,1,1.0,1.0,1.0,,
2026-04-16 22:10:11.927116+00:00,1,1_block,47900,30.9,3,2,1,,,0.75,xgb,1.0,False,0.0,VALIDATED,,,1,1.0,1.0,1.0,,
2026-04-16 22:10:11.927116+00:00,3,3_blocks,47900,30.9,3,2,1,,,0.75,xgb,0.1601503759398496,False,0.0,VALIDATED,,,1,1.0,1.0,1.0,,
2026-04-16 22:10:11.927116+00:00,6,6_blocks,47900,30.9,3,2,1,,,0.75,xgb,0.1357142857142857,False,0.0,VALIDATED,,,1,1.0,1.0,1.0,,
2026-04-16 23:01:27.203890+00:00,1,1_block,45015,30.4,2,1,1,,,0.75,xgb,1.0,False,0.0,VALIDATED,,,1,1.0,1.0,1.0,,
2026-04-16 23:01:27.203890+00:00,3,3_blocks,45015,30.4,2,1,1,,,0.75,xgb,0.1357142857142857,False,0.0,VALIDATED,,,1,1.0,1.0,1.0,,
2026-04-16 23:01:27.203890+00:00,6,6_blocks,45015,30.4,2,1,1,,,0.75,xgb,0.1357142857142857,False,0.0,VALIDATED,,,1,1.0,1.0,1.0,,
2026-04-16 23:55:14.776795+00:00,1,1_block,43621,29.7,1,1,1,,,0.75,xgb,0.1454545454545454,False,0.0,VALIDATED,,,1,1.0,1.0,1.0,,
2026-04-16 23:55:14.776795+00:00,3,3_blocks,43621,29.7,1,1,1,,,0.75,xgb,0.1357142857142857,False,0.0,VALIDATED,,,1,1.0,1.0,1.0,,
2026-04-16 23:55:14.776795+00:00,6,6_blocks,43621,29.7,1,1,1,,,0.75,xgb,0.1357142857142857,False,0.0,VALIDATED,,,1,1.0,1.0,1.0,,
2026-04-17 02:00:23.601621+00:00,1,1_block,39782,29.0,1,1,1,,,0.75,xgb,0.1809045226130653,False,0.0,VALIDATED,,,1,1.0,1.0,1.0,,
2026-04-17 02:00:23.601621+00:00,3,3_blocks,39782,29.0,1,1,1,,,0.75,xgb,0.1531100478468899,False,0.0,VALIDATED,,,1,1.0,1.0,1.0,,
2026-04-17 02:00:23.601621+00:00,6,6_blocks,39782,29.0,1,1,1,,,0.75,xgb,0.15,False,0.0,VALIDATED,,,1,1.0,1.0,1.0,,
2026-04-17 04:54:05.471055+00:00,1,1_block,40244,29.6,1,1,1,,,0.75,xgb,0.1571428571428571,False,0.0,VALIDATED,,,1,1.0,1.0,1.0,,
2026-04-17 04:54:05.471055+00:00,3,3_blocks,40244,29.6,1,1,1,,,0.75,xgb,0.1571428571428571,False,0.0,VALIDATED,,,1,1.0,1.0,1.0,,
2026-04-17 04:54:05.471055+00:00,6,6_blocks,40244,29.6,1,1,1,,,0.75,xgb,0.1349206349206349,False,0.0,VALIDATED,,,2,1.0,1.0,1.0,,
2026-04-17 06:56:10.076486+00:00,1,1_block,56767,31.4,1,1,1,,,0.75,xgb,0.15,False,0.0,VALIDATED,,,1,1.0,1.0,1.0,,
2026-04-17 06:56:10.076486+00:00,3,3_blocks,56767,31.4,1,1,1,,,0.75,xgb,0.15,False,0.0,VALIDATED,,,1,1.0,1.0,1.0,,
2026-04-17 06:56:10.076486+00:00,6,6_blocks,56767,31.4,1,1,1,,,0.75,xgb,0.15,False,0.0,VALIDATED,,,1,1.0,1.0,1.0,,
2026-04-17 08:25:38.029401+00:00,1,1_block,54930,31.1,1,1,1,,,0.75,xgb,1.0,False,0.0,VALIDATED,,,1,1.0,1.0,1.0,,
2026-04-17 08:25:38.029401+00:00,3,3_blocks,54930,31.1,1,1,1,,,0.75,xgb,0.1705426356589147,False,0.0,VALIDATED,,,1,1.0,1.0,1.0,,
2026-04-17 08:25:38.029401+00:00,6,6_blocks,54930,31.1,1,1,1,,,0.75,xgb,0.1666666666666666,False,0.0,VALIDATED,,,1,1.0,1.0,1.0,,
2026-04-17 09:53:47.790255+00:00,1,1_block,57593,31.6,2,1,1,,,0.75,xgb,0.1714285714285714,False,0.0,VALIDATED,,,1,1.0,1.0,1.0,,
2026-04-17 09:53:47.790255+00:00,3,3_blocks,57593,31.6,2,1,1,,,0.75,xgb,0.1714285714285714,False,0.0,VALIDATED,,,1,1.0,1.0,1.0,,
2026-04-17 09:53:47.790255+00:00,6,6_blocks,57593,31.6,2,1,1,,,0.75,xgb,0.1714285714285714,False,0.0,VALIDATED,,,1,1.0,1.0,1.0,,
2026-04-17 10:49:54.144041+00:00,1,1_block,58575,32.0,3,1,1,,,0.75,xgb,0.1714285714285714,False,0.0,VALIDATED,,,1,1.0,1.0,1.0,,
2026-04-17 10:49:54.144041+00:00,3,3_blocks,58575,32.0,3,1,1,,,0.75,xgb,0.1714285714285714,False,0.0,VALIDATED,,,1,1.0,1.0,1.0,,
2026-04-17 10:49:54.144041+00:00,6,6_blocks,58575,32.0,3,1,1,,,0.75,xgb,0.1714285714285714,False,0.0,VALIDATED,,,1,1.0,1.0,1.0,,
2026-04-17 11:40:17.099316+00:00,1,1_block,58093,31.8,2,1,1,,,0.75,xgb,0.1714285714285714,False,0.0,VALIDATED,,,1,1.0,1.0,1.0,,
2026-04-17 11:40:17.099316+00:00,3,3_blocks,58093,31.8,2,1,1,,,0.75,xgb,0.1714285714285714,False,0.0,VALIDATED,,,1,1.0,1.0,1.0,,
2026-04-17 11:40:17.099316+00:00,6,6_blocks,58093,31.8,2,1,1,,,0.75,xgb,0.1714285714285714,False,0.0,VALIDATED,,,1,1.0,1.0,1.0,,
2026-04-17 12:43:08.041266+00:00,1,1_block,57830,31.9,2,1,1,,,0.75,xgb,3.9859154929577465,False,0.0,VALIDATED,,,1,1.0,1.0,1.0,,
2026-04-17 12:43:08.041266+00:00,3,3_blocks,57830,31.9,2,1,1,,,0.75,xgb,0.1714285714285714,False,0.0,VALIDATED,,,1,1.0,1.0,1.0,,
2026-04-17 12:43:08.041266+00:00,6,6_blocks,57830,31.9,2,1,1,,,0.75,xgb,0.1714285714285714,False,0.0,VALIDATED,,,1,1.0,1.0,1.0,,
2026-04-17 14:10:11.520861+00:00,1,1_block,69155,35.1,5,4,3,,,0.75,xgb,2.008968609865471,False,0.0,VALIDATED,,,1,1.0,1.0,1.0,,
2026-04-17 14:10:11.520861+00:00,3,3_blocks,69155,35.1,5,4,3,,,0.75,xgb,2.008968609865471,False,0.0,VALIDATED,,,1,1.0,1.0,1.0,,
2026-04-17 14:10:11.520861+00:00,6,6_blocks,69155,35.1,5,4,3,,,0.75,xgb,2.008968609865471,False,0.0,VALIDATED,,,2,1.02,2.0,1.02,,
2026-04-17 15:15:03.253261+00:00,1,1_block,80842,38.2,9,8,6,,,0.75,xgb,2.008968609865471,False,0.0,VALIDATED,,,1,1.0,1.0,1.0,,
2026-04-17 15:15:03.253261+00:00,3,3_blocks,80842,38.2,9,8,6,,,0.75,xgb,2.0,False,0.0,VALIDATED,,,1,1.0,1.0,1.0,,
2026-04-17 15:15:03.253261+00:00,6,6_blocks,80842,38.2,9,8,6,,,0.75,xgb,2.0,False,0.0,VALIDATED,,,2,1.02,2.0,1.02,,
2026-04-17 16:15:25.224627+00:00,1,1_block,71283,36.1,8,6,4,,,0.75,xgb,2.0,False,0.0,VALIDATED,,,1,1.0,1.0,1.0,,
2026-04-17 16:15:25.224627+00:00,3,3_blocks,71283,36.1,8,6,4,,,0.75,xgb,3.5878378378378377,False,0.0,VALIDATED,,,1,1.0,1.0,1.0,,
2026-04-17 16:15:25.224627+00:00,6,6_blocks,71283,36.1,8,6,4,,,0.75,xgb,2.0,False,0.0,VALIDATED,,,1,1.0,1.0,1.0,,
2026-04-17 17:09:28.866075+00:00,1,1_block,69082,35.6,5,4,3,,,0.75,xgb,3.5878378378378377,False,0.0,VALIDATED,,,1,1.0,1.0,1.0,,
2026-04-17 17:09:28.866075+00:00,3,3_blocks,69082,35.6,5,4,3,,,0.75,xgb,1.0921985815602837,False,0.0,VALIDATED,,,1,1.0,1.0,1.0,,
2026-04-17 17:09:28.866075+00:00,6,6_blocks,69082,35.6,5,4,3,,,0.75,xgb,1.0921985815602837,False,0.0,VALIDATED,,,1,1.0,1.0,1.0,,
2026-04-17 18:03:22.823450+00:00,1,1_block,63056,33.9,2,2,1,,,0.75,xgb,2.0,False,0.0,VALIDATED,,,1,1.0,1.0,1.0,,
2026-04-17 18:03:22.823450+00:00,3,3_blocks,63056,33.9,2,2,1,,,0.75,xgb,1.0727272727272728,False,0.0,VALIDATED,,,1,1.0,1.0,1.0,,
2026-04-17 18:03:22.823450+00:00,6,6_blocks,63056,33.9,2,2,1,,,0.75,xgb,1.0727272727272728,False,0.0,VALIDATED,,,1,1.0,1.0,1.0,,
2026-04-17 19:17:40.833292+00:00,1,1_block,66220,34.8,4,3,1,,,0.514,"xgb,lgb",1.0727272727272728,False,0.0,VALIDATED,,,2,1.38,2.0,1.64,1.0,1.0
2026-04-17 19:17:40.833292+00:00,3,3_blocks,66220,34.8,4,3,1,,,0.996,"xgb,lgb",0.8181818181818182,False,0.0,VALIDATED,,,2,1.0,1.0,1.0,1.0,1.0
2026-04-17 19:17:40.833292+00:00,6,6_blocks,66220,34.8,4,3,1,,,1.0,"xgb,lgb",0.8181818181818182,False,0.0,VALIDATED,,,1,1.0,1.0,1.0,1.0,1.0
2026-04-17 20:08:22.351936+00:00,1,1_block,65268,34.5,3,3,1,,,0.5,"xgb,lgb",0.8181818181818182,False,0.0,VALIDATED,,,2,1.41,2.0,1.68,1.0,1.0
2026-04-17 20:08:22.351936+00:00,3,3_blocks,65268,34.5,3,3,1,,,0.996,"xgb,lgb",1.0,False,0.0,VALIDATED,,,2,1.0,1.0,1.0,1.0,1.0
2026-04-17 20:08:22.351936+00:00,6,6_blocks,65268,34.5,3,3,1,,,1.0,"xgb,lgb",0.8181818181818182,False,0.0,VALIDATED,,,1,1.0,1.0,1.0,1.0,1.0
2026-04-17 21:00:42.679706+00:00,1,1_block,69316,35.7,7,6,5,,,0.54,"xgb,lgb",1.0,False,0.0,VALIDATED,,,2,1.36,2.0,1.6,1.0,1.0
2026-04-17 21:00:42.679706+00:00,3,3_blocks,69316,35.7,7,6,5,,,0.5,"xgb,lgb",0.1714285714285714,False,0.0,VALIDATED,,,2,1.72,3.0,2.19,1.0,1.0
2026-04-17 21:00:42.679706+00:00,6,6_blocks,69316,35.7,7,6,5,,,0.5,"xgb,lgb",0.1714285714285714,False,0.0,VALIDATED,,,2,1.72,3.0,2.19,1.0,1.0
2026-04-17 21:53:04.356788+00:00,1,1_block,62070,33.1,3,1,1,,,0.537,"xgb,lgb",0.1714285714285714,False,0.0,VALIDATED,,,2,1.36,2.0,1.6,1.0,1.0
2026-04-17 21:53:04.356788+00:00,3,3_blocks,62070,33.1,3,1,1,,,0.814,"xgb,lgb",0.1587301587301587,False,0.0,VALIDATED,,,2,1.13,2.0,1.21,1.0,1.0
2026-04-17 21:53:04.356788+00:00,6,6_blocks,62070,33.1,3,1,1,,,0.81,"xgb,lgb",0.1587301587301587,False,0.0,VALIDATED,,,2,1.13,2.0,1.21,1.0,1.0
2026-04-17 22:33:32.668330+00:00,1,1_block,58546,32.5,2,1,1,,,0.537,"xgb,lgb",0.1587301587301587,False,0.0,VALIDATED,,,2,1.36,2.0,1.6,1.0,1.0
2026-04-17 22:33:32.668330+00:00,3,3_blocks,58546,32.5,2,1,1,,,0.781,"xgb,lgb",0.1587301587301587,False,0.0,VALIDATED,,,2,1.15,2.0,1.25,1.0,1.0
2026-04-17 22:33:32.668330+00:00,6,6_blocks,58546,32.5,2,1,1,,,0.777,"xgb,lgb",0.15,False,0.0,VALIDATED,,,2,1.15,2.0,1.25,1.0,1.0
2026-04-17 23:22:56.094191+00:00,1,1_block,52961,31.2,1,1,1,,,0.5,"xgb,lgb",0.1923076923076923,False,0.0,VALIDATED,,,2,1.44,2.0,1.73,1.0,1.0
2026-04-17 23:22:56.094191+00:00,3,3_blocks,52961,31.2,1,1,1,,,0.5,"xgb,lgb",0.15,False,0.0,VALIDATED,,,2,1.47,2.0,1.78,1.0,1.0
2026-04-17 23:22:56.094191+00:00,6,6_blocks,52961,31.2,1,1,1,,,0.5,"xgb,lgb",0.15,False,0.0,VALIDATED,,,2,1.47,2.0,1.78,1.0,1.0
2026-04-18 00:03:21.747977+00:00,1,1_block,43354,29.6,1,1,1,,,0.978,"xgb,lgb",0.1923076923076923,False,0.0,VALIDATED,,,2,1.01,2.0,1.02,1.0,1.0
2026-04-18 00:03:21.747977+00:00,3,3_blocks,43354,29.6,1,1,1,,,0.558,"xgb,lgb",0.15,False,0.0,VALIDATED,,,2,1.35,2.0,1.57,1.0,1.0
2026-04-18 00:03:21.747977+00:00,6,6_blocks,43354,29.6,1,1,1,,,0.554,"xgb,lgb",0.15,False,0.0,VALIDATED,,,2,1.34,2.0,1.57,1.0,1.0
2026-04-18 03:27:54.183084+00:00,1,1_block,55298,32.0,1,1,1,,,0.698,"xgb,lgb",0.1714285714285714,False,0.0,VALIDATED,,,2,1.21,2.0,1.36,1.0,1.0
2026-04-18 03:27:54.183084+00:00,3,3_blocks,55298,32.0,1,1,1,,,0.996,"xgb,lgb",0.1429171920975199,False,0.0,VALIDATED,,,2,1.0,1.0,1.0,1.0,1.0
2026-04-18 03:27:54.183084+00:00,6,6_blocks,55298,32.0,1,1,1,,,1.0,"xgb,lgb",0.17142857142857143,False,0.0,VALIDATED,,,1,1.0,1.0,1.0,1.0,1.0
2026-04-18T05:22:38.628833+00:00,1,1_block,54250,31.5,1,1,1,,,0.651,"xgb,lgb",0.19434628975265017,False,0.0,VALIDATED,,,2,1.25,2.0,1.42,1.0,1.0
2026-04-18T05:22:38.628833+00:00,3,3_blocks,54250,31.5,1,1,1,,,0.996,"xgb,lgb",0.17142857142857143,False,0.0,VALIDATED,,,2,1.0,1.0,1.0,1.0,1.0
2026-04-18T05:22:38.628833+00:00,6,6_blocks,54250,31.5,1,1,1,,,1.0,"xgb,lgb",,,,PENDING,,,1,1.0,1.0,1.0,1.0,1.0
